title,url
Inhalt,SiteGlobals/Forms/Suche/Expertensuche_Formular.html;jsessionid=DBA57C7A162E3F10F1F906B5DDF1DBBB.internet951?nn=19660250&queryResultId=null&pageNo=0&cl2Categories_Format=Massnahme&cl2Categories_Thema=Bilanzkontrolle#content
Hauptmenu,SiteGlobals/Forms/Suche/Expertensuche_Formular.html;jsessionid=DBA57C7A162E3F10F1F906B5DDF1DBBB.internet951?nn=19660250&queryResultId=null&pageNo=0&cl2Categories_Format=Massnahme&cl2Categories_Thema=Bilanzkontrolle#navPrimary
Suche,SiteGlobals/Forms/Suche/Expertensuche_Formular.html;jsessionid=DBA57C7A162E3F10F1F906B5DDF1DBBB.internet951?nn=19660250&queryResultId=null&pageNo=0&cl2Categories_Format=Massnahme&cl2Categories_Thema=Bilanzkontrolle#search
Kon­takt auf­neh­men,DE/DieBaFin/Kontakt/kontakt_node.html;jsessionid=DBA57C7A162E3F10F1F906B5DDF1DBBB.internet951
Pres­se,DE/DieBaFin/Presse/presse_node.html;jsessionid=DBA57C7A162E3F10F1F906B5DDF1DBBB.internet951
English,EN/Homepage/homepage_node.html;jsessionid=DBA57C7A162E3F10F1F906B5DDF1DBBB.internet951
Ge­bär­den­spra­che,DE/Service/TopNavigation/Gebaerdensprache/gebaerdensprache_node.html;jsessionid=DBA57C7A162E3F10F1F906B5DDF1DBBB.internet951
Leich­te Spra­che,DE/Service/TopNavigation/LeichteSprache/leichtesprache_node.html;jsessionid=DBA57C7A162E3F10F1F906B5DDF1DBBB.internet951
,DE/Startseite/startseite_node.html;jsessionid=DBA57C7A162E3F10F1F906B5DDF1DBBB.internet951
Un­ter­neh­men,DE/Aufsicht/unternehmen_node.html;jsessionid=DBA57C7A162E3F10F1F906B5DDF1DBBB.internet951
Ri­si­ken im Fo­kus,DE/Aufsicht/Fokusrisiken/fokusrisiken_node.html;jsessionid=DBA57C7A162E3F10F1F906B5DDF1DBBB.internet951
"Ban­ken, Fi­nanz­dienst­leis­ter und Wert­pa­pier­in­sti­tu­te",DE/Aufsicht/BankenFinanzdienstleister/bankenfinanzdienstleister_node.html;jsessionid=DBA57C7A162E3F10F1F906B5DDF1DBBB.internet951
Kre­ditz­weit­markt,DE/Aufsicht/Kreditzweitmarkt/kreditzweitmarkt_node.html;jsessionid=DBA57C7A162E3F10F1F906B5DDF1DBBB.internet951
Ver­si­che­rer & Pen­si­ons­fonds,DE/Aufsicht/VersichererPensionsfonds/versichererpensionsfonds_node.html;jsessionid=DBA57C7A162E3F10F1F906B5DDF1DBBB.internet951
Fin­Tech In­no­va­ti­on Hub,DE/Aufsicht/FinTech/fintech_node.html;jsessionid=DBA57C7A162E3F10F1F906B5DDF1DBBB.internet951
Mi­CAR,DE/Aufsicht/MiCAR/MiCAR_node.html;jsessionid=DBA57C7A162E3F10F1F906B5DDF1DBBB.internet951
DO­RA,DE/Aufsicht/DORA/DORA_node.html;jsessionid=DBA57C7A162E3F10F1F906B5DDF1DBBB.internet951
Zah­lungs­diens­te und PSD2,DE/Aufsicht/ZahlungsdienstePSD2/ZahlungsdienstePSD2_node.html;jsessionid=DBA57C7A162E3F10F1F906B5DDF1DBBB.internet951
Bör­sen & Märk­te,DE/Aufsicht/BoersenMaerkte/boersenmaerkte_node.html;jsessionid=DBA57C7A162E3F10F1F906B5DDF1DBBB.internet951
KV­Gen & In­vest­ment­fonds,DE/Aufsicht/KVGenInvestmentfonds/kvg_investmentfonds_node.html;jsessionid=DBA57C7A162E3F10F1F906B5DDF1DBBB.internet951
Pro­spek­te,DE/Aufsicht/Prospekte/prospekte_node.html;jsessionid=DBA57C7A162E3F10F1F906B5DDF1DBBB.internet951
Prä­ven­ti­on von Geld­wä­sche und Ter­ro­ris­mus­fi­nan­zie­rung,DE/Aufsicht/Geldwaeschepraevention/geldwaeschepraevention_node.html;jsessionid=DBA57C7A162E3F10F1F906B5DDF1DBBB.internet951
Über­grei­fen­de The­men,DE/Aufsicht/Uebergreifend/uebergreifend_node.html;jsessionid=DBA57C7A162E3F10F1F906B5DDF1DBBB.internet951
Auf­sicht­li­che Of­fen­le­gung,DE/Aufsicht/AufsichtlicheOffenlegung/aufsichtlicheoffenlegung_node.html;jsessionid=DBA57C7A162E3F10F1F906B5DDF1DBBB.internet951
Ab­wick­lung,DE/Aufsicht/Abwicklung/Aufgaben_NAB_node.html;jsessionid=DBA57C7A162E3F10F1F906B5DDF1DBBB.internet951
Su­staina­ble Fi­nance,DE/Aufsicht/SF/SF_node.html;jsessionid=DBA57C7A162E3F10F1F906B5DDF1DBBB.internet951
Ver­brau­cher,DE/Verbraucher/verbraucher_node.html;jsessionid=DBA57C7A162E3F10F1F906B5DDF1DBBB.internet951
War­nun­gen & Ak­tu­el­les,DE/Verbraucher/Aktuelles/verbraucher_node.html;jsessionid=DBA57C7A162E3F10F1F906B5DDF1DBBB.internet951
Ver­brau­cher­te­le­fon,DE/Verbraucher/Verbrauchertelefon/verbrauchertelefon_node.html;jsessionid=DBA57C7A162E3F10F1F906B5DDF1DBBB.internet951
Be­schwer­den,DE/Verbraucher/BeschwerdenStreitschlichtung/beschwerdenstreitschlichtung_node.html;jsessionid=DBA57C7A162E3F10F1F906B5DDF1DBBB.internet951
Fi­nanz­be­trug er­ken­nen,DE/Verbraucher/Finanzbetrug/finanzbetrug_node.html;jsessionid=DBA57C7A162E3F10F1F906B5DDF1DBBB.internet951
Bank­ge­schäf­te,DE/Verbraucher/Bank/bank_node.html;jsessionid=DBA57C7A162E3F10F1F906B5DDF1DBBB.internet951
Kre­di­te & Im­mo­bi­li­en­fi­nan­zie­rung,DE/Verbraucher/KrediteImmobilien/kredite_und_immobilienfinanzierung_node.html;jsessionid=DBA57C7A162E3F10F1F906B5DDF1DBBB.internet951
Geld­an­lage & Wert­pa­pie­re,DE/Verbraucher/GeldanlageWertpapiere/geldanlage_node.html;jsessionid=DBA57C7A162E3F10F1F906B5DDF1DBBB.internet951
Ver­si­che­run­gen,DE/Verbraucher/Versicherung/versicherung_node.html;jsessionid=DBA57C7A162E3F10F1F906B5DDF1DBBB.internet951
Al­ters­vor­sor­ge,DE/Verbraucher/Altersvorsorge/altersvorsorge_node.html;jsessionid=DBA57C7A162E3F10F1F906B5DDF1DBBB.internet951
Fi­nanz­in­for­ma­tio­nen für Se­nio­ren,DE/Verbraucher/Finanzinformationen-fuer-Senioren/Finanzinformationen-fuer-Senioren_node.html;jsessionid=DBA57C7A162E3F10F1F906B5DDF1DBBB.internet951
Fi­nan­zwis­sen für jun­ge Men­schen,DE/Verbraucher/FinanzwissenfuerjungeMenschen/FinanzwissenfuerjungeMenschen_node.html;jsessionid=DBA57C7A162E3F10F1F906B5DDF1DBBB.internet951
Me­dia­thek,DE/Verbraucher/Mediathek/mediathek_node.html;jsessionid=DBA57C7A162E3F10F1F906B5DDF1DBBB.internet951
Ba­Fin & Ver­brau­cher­schutz,DE/Verbraucher/BaFinVerbraucherschutz/bafin_node.html;jsessionid=DBA57C7A162E3F10F1F906B5DDF1DBBB.internet951
In­ter­na­tio­na­les,DE/Internationales/internationales_node.html;jsessionid=DBA57C7A162E3F10F1F906B5DDF1DBBB.internet951
Eu­ro­päi­sche Auf­sicht,DE/Internationales/EuropaeischeAufsicht/europaeischeaufsicht_node.html;jsessionid=DBA57C7A162E3F10F1F906B5DDF1DBBB.internet951
Eu­ro­päi­sche Ab­wick­lung,DE/Internationales/EuropaeischeAbwicklung/europaeischeabwicklung_node.html;jsessionid=DBA57C7A162E3F10F1F906B5DDF1DBBB.internet951
Glo­ba­le Zu­sam­men­ar­beit,DE/Internationales/GlobaleZusammenarbeit/globalezusammenarbeit_node.html;jsessionid=DBA57C7A162E3F10F1F906B5DDF1DBBB.internet951
Bi­la­te­ra­le Zu­sam­men­ar­beit,DE/Internationales/BilateraleZusammenarbeit/bilateralezusammenarbeit_node.html;jsessionid=DBA57C7A162E3F10F1F906B5DDF1DBBB.internet951
Recht & Re­ge­lun­gen,DE/RechtRegelungen/recht_regelungen_node.html;jsessionid=DBA57C7A162E3F10F1F906B5DDF1DBBB.internet951
Ver­fü­gun­gen,DE/RechtRegelungen/Verfuegungen/liste_verfuegungen_node.html;jsessionid=DBA57C7A162E3F10F1F906B5DDF1DBBB.internet951
Kon­sul­ta­tio­nen,DE/RechtRegelungen/Konsultationen/Konsultationen_node.html;jsessionid=DBA57C7A162E3F10F1F906B5DDF1DBBB.internet951
Ver­wal­tungs­pra­xis,DE/RechtRegelungen/Verwaltungspraxis/verwaltungspraxis_node.html;jsessionid=DBA57C7A162E3F10F1F906B5DDF1DBBB.internet951
Rechts­grund­la­gen,DE/RechtRegelungen/Rechtsgrundlagen/rechtsgrundlagen_node.html;jsessionid=DBA57C7A162E3F10F1F906B5DDF1DBBB.internet951
Leit­li­ni­en und Q&As der ESAs,DE/RechtRegelungen/Leitlinien_und_Q_and_A_der_ESAs/Leitlinien_und_Q_and_A_der_ESAs_node.html;jsessionid=DBA57C7A162E3F10F1F906B5DDF1DBBB.internet951
Auf­ge­ho­be­ne Do­ku­men­te,DE/RechtRegelungen/AufgehobeneDokumente/aufgehobene_dokumente_node.html;jsessionid=DBA57C7A162E3F10F1F906B5DDF1DBBB.internet951
Pu­bli­ka­tio­nen & Da­ten,DE/PublikationenDaten/publikationen_node.html;jsessionid=DBA57C7A162E3F10F1F906B5DDF1DBBB.internet951
Ak­tu­el­le The­men,DE/PublikationenDaten/Themen/aktuelle_themen_node.html;jsessionid=DBA57C7A162E3F10F1F906B5DDF1DBBB.internet951
News & Maß­nah­men,DE/PublikationenDaten/Aktuelles/aktuelles_node.html;jsessionid=DBA57C7A162E3F10F1F906B5DDF1DBBB.internet951
Re­den,DE/PublikationenDaten/Dokumentlisten/ListeRedeInterview/reden_interviews_node.html;jsessionid=DBA57C7A162E3F10F1F906B5DDF1DBBB.internet951
Da­ten­ban­ken & Lis­ten,DE/PublikationenDaten/Datenbanken/Datenbanken_node.html;jsessionid=DBA57C7A162E3F10F1F906B5DDF1DBBB.internet951
Jah­res­be­rich­te,DE/PublikationenDaten/Jahresbericht/jahresbericht_node.html;jsessionid=DBA57C7A162E3F10F1F906B5DDF1DBBB.internet951
Sta­tis­ti­ken,DE/PublikationenDaten/Statistiken/statistiken_node.html;jsessionid=DBA57C7A162E3F10F1F906B5DDF1DBBB.internet951
Bro­schü­ren,DE/PublikationenDaten/Broschueren/broschueren_node.html;jsessionid=DBA57C7A162E3F10F1F906B5DDF1DBBB.internet951
Tä­tig­keits­be­richt der Schlich­tungs­stel­le,DE/PublikationenDaten/TaetigkeitsberichtSchlichtungsstelle/taetigkeitsbericht_node.html;jsessionid=DBA57C7A162E3F10F1F906B5DDF1DBBB.internet951
Auf­sichts­in­for­ma­tio­nen nach dem IFG,DE/PublikationenDaten/AufsichtsinformationenIFG/AufsichtsinformationenIFG_node.html;jsessionid=DBA57C7A162E3F10F1F906B5DDF1DBBB.internet951
Die Ba­Fin,DE/DieBaFin/diebafin_node.html;jsessionid=DBA57C7A162E3F10F1F906B5DDF1DBBB.internet951
Auf­ga­ben & Ge­schich­te,DE/DieBaFin/AufgabenGeschichte/aufgabengeschichte_node.html;jsessionid=DBA57C7A162E3F10F1F906B5DDF1DBBB.internet951
Grund­la­gen & Or­ga­ni­sa­ti­on,DE/DieBaFin/GrundlagenOrganisation/grundlagenorganisation_node.html;jsessionid=DBA57C7A162E3F10F1F906B5DDF1DBBB.internet951
Lei­tung,DE/DieBaFin/Leitung/leitung_node.html;jsessionid=DBA57C7A162E3F10F1F906B5DDF1DBBB.internet951
Ba­Fin-Zie­le,DE/DieBaFin/BaFin-Ziele/BaFin-Ziele_node.html;jsessionid=DBA57C7A162E3F10F1F906B5DDF1DBBB.internet951
Ver­brau­cher­schutz­stra­te­gie der Ba­Fin,DE/DieBaFin/Verbraucherstrategie/verbraucherstrategie_node.html;jsessionid=DBA57C7A162E3F10F1F906B5DDF1DBBB.internet951
Su­staina­ble-Fi­nance-Stra­te­gie der Ba­Fin,DE/DieBaFin/Sustainable_Finance_Strategie/SF_Strategie_node.html;jsessionid=DBA57C7A162E3F10F1F906B5DDF1DBBB.internet951
Hin­weis­ge­ber­stel­le,DE/DieBaFin/Hinweisgeberstelle/hinweisgeberstelle_node.html;jsessionid=DBA57C7A162E3F10F1F906B5DDF1DBBB.internet951
Mar­ket Con­tact Group,DE/DieBaFin/MarketContactGroup/Market_Contact_Group_node.html;jsessionid=DBA57C7A162E3F10F1F906B5DDF1DBBB.internet951
Ar­bei­ten bei der Ba­Fin,DE/DieBaFin/ArbeitenBaFin/arbeitenbafin_node.html;jsessionid=DBA57C7A162E3F10F1F906B5DDF1DBBB.internet951
Ser­vice,DE/DieBaFin/Service/service_node.html;jsessionid=DBA57C7A162E3F10F1F906B5DDF1DBBB.internet951
An­ge­bots­aus­schrei­bun­gen,DE/DieBaFin/Angebotsausschreibungen/angebotsausschreibungen_node.html;jsessionid=DBA57C7A162E3F10F1F906B5DDF1DBBB.internet951
Da­ten­schutz,DE/DieBaFin/Datenschutz/Datenschutz_node.html;jsessionid=DBA57C7A162E3F10F1F906B5DDF1DBBB.internet951
Vi­deos,DE/DieBaFin/Videos/videos_node.html;jsessionid=DBA57C7A162E3F10F1F906B5DDF1DBBB.internet951
"Switch to article ""Search"" in En glish",EN/Service/TopNavigation/Suche/suche_node_en.html;jsessionid=DBA57C7A162E3F10F1F906B5DDF1DBBB.internet951
Filter entfernen: Thema Bilanzkontrolle,SiteGlobals/Forms/Suche/Expertensuche_Formular.html;jsessionid=DBA57C7A162E3F10F1F906B5DDF1DBBB.internet951?cl2Categories_Format=Massnahme
Filter entfernen: Format Maßnahme,SiteGlobals/Forms/Suche/Expertensuche_Formular.html;jsessionid=DBA57C7A162E3F10F1F906B5DDF1DBBB.internet951?cl2Categories_Thema=Bilanzkontrolle
Filter zurücksetzen,SiteGlobals/Forms/Suche/Expertensuche_Formular.html;jsessionid=DBA57C7A162E3F10F1F906B5DDF1DBBB.internet951
Unternehmensdatenbank.,https://portal.mvp.bafin.de/database/InstInfo/
Datenbanken,https://www.bafin.de/ref/19659464
Titel,SiteGlobals/Forms/Suche/Expertensuche_Formular.html;jsessionid=DBA57C7A162E3F10F1F906B5DDF1DBBB.internet951?cl2Categories_Format=Massnahme&gts=19572922_list%253Dtitle_text_sort%252Basc&cl2Categories_Thema=Bilanzkontrolle
Erscheinungsdatum,SiteGlobals/Forms/Suche/Expertensuche_Formular.html;jsessionid=DBA57C7A162E3F10F1F906B5DDF1DBBB.internet951?cl2Categories_Format=Massnahme&gts=19572922_list%253DdateOfIssue_dt%252Bdesc&cl2Categories_Thema=Bilanzkontrolle
Änderungsdatum,SiteGlobals/Forms/Suche/Expertensuche_Formular.html;jsessionid=DBA57C7A162E3F10F1F906B5DDF1DBBB.internet951?cl2Categories_Format=Massnahme&gts=19572922_list%253DdateOfIssueOrModification_dt%252Bdesc&cl2Categories_Thema=Bilanzkontrolle
Aktuell: Relevanz,SiteGlobals/Forms/Suche/Expertensuche_Formular.html;jsessionid=DBA57C7A162E3F10F1F906B5DDF1DBBB.internet951?cl2Categories_Format=Massnahme&gts=19572922_list%253Dscore%252Bdesc&cl2Categories_Thema=Bilanzkontrolle
Ergebnisse filtern,SiteGlobals/Forms/Suche/Expertensuche_Formular.html;jsessionid=DBA57C7A162E3F10F1F906B5DDF1DBBB.internet951?queryResultId=null&pageNo=0&cl2Categories_Format=Massnahme&cl2Categories_Thema=Bilanzkontrolle#facetten
RSS-Feed,SiteGlobals/Functions/Solr/Suche/Ergebnisdarstellung/Expertensuche/rssnewsfeed.xml;jsessionid=DBA57C7A162E3F10F1F906B5DDF1DBBB.internet951?cms_cl2Categories_Format=Massnahme&https=1&nsc=true&cms_rss=rss&cms_cl2Categories_Thema=Bilanzkontrolle
Seite 2,SiteGlobals/Forms/Suche/Expertensuche_Formular.html;jsessionid=DBA57C7A162E3F10F1F906B5DDF1DBBB.internet951?cl2Categories_Format=Massnahme&gtp=19572922_list%253D2&cl2Categories_Thema=Bilanzkontrolle
Seite 3,SiteGlobals/Forms/Suche/Expertensuche_Formular.html;jsessionid=DBA57C7A162E3F10F1F906B5DDF1DBBB.internet951?cl2Categories_Format=Massnahme&gtp=19572922_list%253D3&cl2Categories_Thema=Bilanzkontrolle
Bilanzkontrolle,DE/Aufsicht/BoersenMaerkte/Transparenz/Bilanzkontrolle/bilanzkontrolle_node.html;jsessionid=DBA57C7A162E3F10F1F906B5DDF1DBBB.internet951
FCR Im­mo­bi­li­en AG : Bi­lanz­kon­trol­le des ver­kürz­ten Ab­schlus­ses zum 30.06.2020 und des zu­ge­hö­ri­gen Zwi­schen­la­ge­be­richts für das ers­te Halb­jahr 2020,SharedDocs/Veroeffentlichungen/DE/Massnahmen/Bilko/Massnahmen/meldung_220712_fcr_immobilien_ag.html;jsessionid=DBA57C7A162E3F10F1F906B5DDF1DBBB.internet951
Wild Bunch AG : Feh­ler­be­kannt­ma­chung für den ge­bil­lig­ten Kon­zern­ab­schluss zum Ab­schluss­s­tich­tag 31. De­zem­ber 2019,SharedDocs/Veroeffentlichungen/DE/Massnahmen/Bilko/Massnahmen/meldung_2023_06_13_Wild_Bunch1.html;jsessionid=DBA57C7A162E3F10F1F906B5DDF1DBBB.internet951
Mün­che­ner Hy­po­the­ken­bank eG : Feh­ler­be­kannt­ma­chung für den La­ge­be­richt zum Ge­schäfts­jahr 2019,SharedDocs/Veroeffentlichungen/DE/Massnahmen/Bilko/Massnahmen/meldung_2023_08_10_Muenchener_Hypothekenbank.html;jsessionid=DBA57C7A162E3F10F1F906B5DDF1DBBB.internet951
AD­LER Re­al Estate AG : an­noun­ce­ment of er­rors in the ap­pro­ved con­so­li­da­ted fi­nan­ci­al state­ments as at 31 De­cem­ber 2019 and in the cor­re­spon­ding com­bi­ned ma­nage­ment re­port for the 2019 fi­nan­ci­al ye­ar,SharedDocs/Veroeffentlichungen/EN/Massnahmen/Massnahmen_Bilanzkontrolle/meldung_221117_adler_real_estate_ag_en.html;jsessionid=DBA57C7A162E3F10F1F906B5DDF1DBBB.internet951
AD­LER Re­al Estate Ak­ti­en­ge­sell­schaft: an­noun­ce­ment of er­rors in the ap­pro­ved con­so­li­da­ted fi­nan­ci­al state­ments as at 31 De­cem­ber 2019,SharedDocs/Veroeffentlichungen/EN/Massnahmen/Massnahmen_Bilanzkontrolle/meldung_220801_adler_real_estate_ag_en.html;jsessionid=DBA57C7A162E3F10F1F906B5DDF1DBBB.internet951
HOCH­TIEF Ak­ti­en­ge­sell­schaft: Feh­ler­be­kannt­ma­chung für den ge­bil­lig­ten Kon­zern­ab­schluss zum Ab­schluss­s­tich­tag 31.12.2017 und den Kon­zern­la­ge­be­richt für das Ge­schäfts­jahr 2017,SharedDocs/Veroeffentlichungen/DE/Massnahmen/Bilko/Massnahmen/meldung_221031_hochtief_ag.html;jsessionid=DBA57C7A162E3F10F1F906B5DDF1DBBB.internet951
AD­LER Re­al Estate Ak­ti­en­ge­sell­schaft: Feh­ler­be­kannt­ma­chung für den ge­bil­lig­ten Kon­zern­ab­schluss zum Ab­schluss­s­tich­tag 31.12.2019 und für den da­zu­ge­hö­ri­gen zu­sam­men­ge­fass­ten La­ge­be­richt für das Ge­schäfts­jahr 2019,SharedDocs/Veroeffentlichungen/DE/Massnahmen/Bilko/Massnahmen/meldung_221117_adler_real_estate_ag.html;jsessionid=DBA57C7A162E3F10F1F906B5DDF1DBBB.internet951
The So­ci­al Chain AG : Feh­ler­be­kannt­ma­chung für den of­fen­ge­leg­ten Kon­zern­ab­schluss zum 31. De­zem­ber 2021,SharedDocs/Veroeffentlichungen/DE/Massnahmen/Bilko/Massnahmen/meldung_2023_07_12_social_chain.html;jsessionid=DBA57C7A162E3F10F1F906B5DDF1DBBB.internet951
LS In­vest AG : Bi­lanz­kon­trol­le des Kon­zern­ab­schlus­ses zum 31.12.2020 und des zu­ge­hö­ri­gen zu­sam­men­ge­fass­ten La­ge­be­richts für das Ge­schäfts­jahr 2020,SharedDocs/Veroeffentlichungen/DE/Massnahmen/Bilko/Massnahmen/meldung_220722_ls_invest_ag.html;jsessionid=DBA57C7A162E3F10F1F906B5DDF1DBBB.internet951
Vol­ta­box AG : Feh­ler­be­kannt­ma­chung für den ge­bil­lig­ten Kon­zern­ab­schluss zum Ab­schluss­s­tich­tag 31.12.2019 und den zu­ge­hö­ri­gen zu­sam­men­ge­fass­ten La­ge­be­richt für das Ge­schäfts­jahr 2019,SharedDocs/Veroeffentlichungen/DE/Massnahmen/Bilko/Massnahmen/meldung_221216_voltabox_ag.html;jsessionid=DBA57C7A162E3F10F1F906B5DDF1DBBB.internet951
Wild Bunch AG : Feh­ler­be­kannt­ma­chung für den ver­kürz­ten Ab­schluss zum 30. Ju­ni 2020,SharedDocs/Veroeffentlichungen/DE/Massnahmen/Bilko/Massnahmen/meldung_2023_06_13_Wild_Bunch2.html;jsessionid=DBA57C7A162E3F10F1F906B5DDF1DBBB.internet951
pa­ra­gon GmbH & Co. KGaA : Feh­ler­be­kannt­ma­chung für den ge­bil­lig­ten Kon­zern­ab­schluss zum Ab­schluss­s­tich­tag 31.12.2019 und den zu­ge­hö­ri­gen zu­sam­men­ge­fass­ten La­ge­be­richt für das Ge­schäfts­jahr 2019,SharedDocs/Veroeffentlichungen/DE/Massnahmen/Bilko/Massnahmen/meldung_230222_paragon_gmbh_u_co_kgaa.html;jsessionid=DBA57C7A162E3F10F1F906B5DDF1DBBB.internet951
1&1 AG (vor­mals 1&1 Dril­lisch AG ): Feh­ler­be­kannt­ma­chung für den ge­bil­lig­ten Kon­zern­ab­schluss zum Ab­schluss­s­tich­tag 31.12.2019 und den Kon­zern­la­ge­be­richt für das Ge­schäfts­jahr 2019,SharedDocs/Veroeffentlichungen/DE/Massnahmen/Bilko/Massnahmen/meldung_230216_1_u_1_ag.html;jsessionid=DBA57C7A162E3F10F1F906B5DDF1DBBB.internet951
AD­LER Re­al Estate Ak­ti­en­ge­sell­schaft: Feh­ler­be­kannt­ma­chung für den ge­bil­lig­ten Kon­zern­ab­schluss zum Ab­schluss­s­tich­tag 31.12.2019,SharedDocs/Veroeffentlichungen/DE/Massnahmen/Bilko/Massnahmen/meldung_220801_adler_real_estate_ag.html;jsessionid=DBA57C7A162E3F10F1F906B5DDF1DBBB.internet951
Bo­rus­sia Dort­mund GmbH & Co. KGaA : Feh­ler­be­kannt­ma­chung für den ge­bil­lig­ten Kon­zern­ab­schluss zum 30. Ju­ni 2018,SharedDocs/Veroeffentlichungen/DE/Massnahmen/Bilko/Massnahmen/meldung_2023_08_03_Borussia_Dortmund_GmbH.html;jsessionid=DBA57C7A162E3F10F1F906B5DDF1DBBB.internet951
Deut­sche Kon­sum REIT - AG : Bi­lanz­kon­trol­le des of­fen­ge­leg­ten Ein­zel­ab­schlus­ses nach in­ter­na­tio­na­len Rech­nungs­le­gungs­stan­dards zum 30.09.2021 und des zu­ge­hö­ri­gen La­ge­be­richts,SharedDocs/Veroeffentlichungen/DE/Massnahmen/Bilko/Massnahmen/220715_deutsche_konsum_reit_ag.html;jsessionid=DBA57C7A162E3F10F1F906B5DDF1DBBB.internet951
FCR Im­mo­bi­li­en AG : Bi­lanz­kon­trol­le des Kon­zern­ab­schlus­ses zum 31.12.2020 und des zu­ge­hö­ri­gen Kon­zern­la­ge­be­richts für das Ge­schäfts­jahr 2020,SharedDocs/Veroeffentlichungen/DE/Massnahmen/Bilko/Massnahmen/meldung_220712_fcr_immobilien_ag_ka.html;jsessionid=DBA57C7A162E3F10F1F906B5DDF1DBBB.internet951
All­gei­er SE : Bi­lanz­kon­trol­le des Kon­zern­ab­schlus­ses zum 31.12.2020 und des zu­ge­hö­ri­gen Kon­zern­la­ge­be­richts für das Ge­schäfts­jahr 2020,SharedDocs/Veroeffentlichungen/DE/Massnahmen/Bilko/Massnahmen/meldung_220712_allgeier_se.html;jsessionid=DBA57C7A162E3F10F1F906B5DDF1DBBB.internet951
Hoch­tief AG : Prü­fungs­an­ord­nung für die Kon­zern­rech­nungs­le­gung der Ge­schäfts­jah­re 2020 und 2021,SharedDocs/Veroeffentlichungen/DE/Massnahmen/Bilko/Massnahmen_mit_Bekanntmachungstext/meldung_2023_06_29_Hochtief.html;jsessionid=DBA57C7A162E3F10F1F906B5DDF1DBBB.internet951
Roy As­set Hol­ding SE : Prü­fungs­an­ord­nung für den Halb­jah­res­fi­nanz­be­richt 2022,SharedDocs/Veroeffentlichungen/DE/Massnahmen/Bilko/Massnahmen_mit_Bekanntmachungstext/meldung_2023_08_08_Roy_Asset_Holding.html;jsessionid=DBA57C7A162E3F10F1F906B5DDF1DBBB.internet951
Maßnahme -Filter entfernen ( Anzahl der Ergebnisse: 53),SiteGlobals/Forms/Suche/Expertensuche_Formular.html;jsessionid=DBA57C7A162E3F10F1F906B5DDF1DBBB.internet951?nn=19660250&cl2Categories_Format=Massnahme&cl2Categories_Thema=Bilanzkontrolle
Meldung -Filter hinzufügen ( Anzahl der Ergebnisse: 14),SiteGlobals/Forms/Suche/Expertensuche_Formular.html;jsessionid=DBA57C7A162E3F10F1F906B5DDF1DBBB.internet951?nn=19660250&cl2Categories_Format=Meldung+Massnahme&cl2Categories_Thema=Bilanzkontrolle
Artikel -Filter hinzufügen ( Anzahl der Ergebnisse: 10),SiteGlobals/Forms/Suche/Expertensuche_Formular.html;jsessionid=DBA57C7A162E3F10F1F906B5DDF1DBBB.internet951?nn=19660250&cl2Categories_Format=Artikel+Massnahme&cl2Categories_Thema=Bilanzkontrolle
Anlage -Filter hinzufügen ( Anzahl der Ergebnisse: 5),SiteGlobals/Forms/Suche/Expertensuche_Formular.html;jsessionid=DBA57C7A162E3F10F1F906B5DDF1DBBB.internet951?nn=19660250&cl2Categories_Format=Anlage+Massnahme&cl2Categories_Thema=Bilanzkontrolle
Auslegungsentscheidung -Filter hinzufügen ( Anzahl der Ergebnisse: 2),SiteGlobals/Forms/Suche/Expertensuche_Formular.html;jsessionid=DBA57C7A162E3F10F1F906B5DDF1DBBB.internet951?nn=19660250&cl2Categories_Format=Auslegungsentscheidung+Massnahme&cl2Categories_Thema=Bilanzkontrolle
Konsultation -Filter hinzufügen ( Anzahl der Ergebnisse: 2),SiteGlobals/Forms/Suche/Expertensuche_Formular.html;jsessionid=DBA57C7A162E3F10F1F906B5DDF1DBBB.internet951?nn=19660250&cl2Categories_Format=Konsultation+Massnahme&cl2Categories_Thema=Bilanzkontrolle
Rede/Vortrag -Filter hinzufügen ( Anzahl der Ergebnisse: 2),SiteGlobals/Forms/Suche/Expertensuche_Formular.html;jsessionid=DBA57C7A162E3F10F1F906B5DDF1DBBB.internet951?nn=19660250&cl2Categories_Format=RedeVortrag+Massnahme&cl2Categories_Thema=Bilanzkontrolle
Statistik/Liste -Filter hinzufügen ( Anzahl der Ergebnisse: 1),SiteGlobals/Forms/Suche/Expertensuche_Formular.html;jsessionid=DBA57C7A162E3F10F1F906B5DDF1DBBB.internet951?nn=19660250&cl2Categories_Format=StatistikListe+Massnahme&cl2Categories_Thema=Bilanzkontrolle
Veranstaltung -Filter hinzufügen ( Anzahl der Ergebnisse: 1),SiteGlobals/Forms/Suche/Expertensuche_Formular.html;jsessionid=DBA57C7A162E3F10F1F906B5DDF1DBBB.internet951?nn=19660250&cl2Categories_Format=Veranstaltung+Massnahme&cl2Categories_Thema=Bilanzkontrolle
Wertpapieraufsicht -Filter hinzufügen ( Anzahl der Ergebnisse: 53),SiteGlobals/Forms/Suche/Expertensuche_Formular.html;jsessionid=DBA57C7A162E3F10F1F906B5DDF1DBBB.internet951?nn=19660250&cl2Categories_Format=Massnahme&cl2Categories_Aufsichtsbereich=Wertpapieraufsicht&cl2Categories_Thema=Bilanzkontrolle
2025 -Filter hinzufügen ( Anzahl der Ergebnisse: 6),SiteGlobals/Forms/Suche/Expertensuche_Formular.html;jsessionid=DBA57C7A162E3F10F1F906B5DDF1DBBB.internet951?nn=19660250&cl2Categories_Format=Massnahme&dateOfIssue_dt=2025&cl2Categories_Thema=Bilanzkontrolle
2024 -Filter hinzufügen ( Anzahl der Ergebnisse: 9),SiteGlobals/Forms/Suche/Expertensuche_Formular.html;jsessionid=DBA57C7A162E3F10F1F906B5DDF1DBBB.internet951?nn=19660250&cl2Categories_Format=Massnahme&dateOfIssue_dt=2024&cl2Categories_Thema=Bilanzkontrolle
2023 -Filter hinzufügen ( Anzahl der Ergebnisse: 16),SiteGlobals/Forms/Suche/Expertensuche_Formular.html;jsessionid=DBA57C7A162E3F10F1F906B5DDF1DBBB.internet951?nn=19660250&cl2Categories_Format=Massnahme&dateOfIssue_dt=2023&cl2Categories_Thema=Bilanzkontrolle
2022 -Filter hinzufügen ( Anzahl der Ergebnisse: 20),SiteGlobals/Forms/Suche/Expertensuche_Formular.html;jsessionid=DBA57C7A162E3F10F1F906B5DDF1DBBB.internet951?nn=19660250&cl2Categories_Format=Massnahme&dateOfIssue_dt=2022&cl2Categories_Thema=Bilanzkontrolle
vor -Filter hinzufügen 2022 (2),SiteGlobals/Forms/Suche/Expertensuche_Formular.html;jsessionid=DBA57C7A162E3F10F1F906B5DDF1DBBB.internet951?nn=19660250&cl2Categories_Format=Massnahme&dateOfIssue_dt=2022_to&cl2Categories_Thema=Bilanzkontrolle
letzte 3 Monate -Filter hinzufügen ( Anzahl der Ergebnisse: 6),SiteGlobals/Forms/Suche/Expertensuche_Formular.html;jsessionid=DBA57C7A162E3F10F1F906B5DDF1DBBB.internet951?nn=19660250&cl2Categories_Format=Massnahme&dateOfIssueOrModification_dt=last3month&cl2Categories_Thema=Bilanzkontrolle
letztes Jahr -Filter hinzufügen ( Anzahl der Ergebnisse: 13),SiteGlobals/Forms/Suche/Expertensuche_Formular.html;jsessionid=DBA57C7A162E3F10F1F906B5DDF1DBBB.internet951?nn=19660250&cl2Categories_Format=Massnahme&dateOfIssueOrModification_dt=lastyear&cl2Categories_Thema=Bilanzkontrolle
vor letztem Jahr -Filter hinzufügen ( Anzahl der Ergebnisse: 40),SiteGlobals/Forms/Suche/Expertensuche_Formular.html;jsessionid=DBA57C7A162E3F10F1F906B5DDF1DBBB.internet951?nn=19660250&cl2Categories_Format=Massnahme&dateOfIssueOrModification_dt=lastyearolder&cl2Categories_Thema=Bilanzkontrolle
Deutsch -Filter hinzufügen ( Anzahl der Ergebnisse: 50),SiteGlobals/Forms/Suche/Expertensuche_Formular.html;jsessionid=DBA57C7A162E3F10F1F906B5DDF1DBBB.internet951?nn=19660250&cl2Categories_Format=Massnahme&cl2Categories_Thema=Bilanzkontrolle&language_=de
Englisch -Filter hinzufügen ( Anzahl der Ergebnisse: 3),SiteGlobals/Forms/Suche/Expertensuche_Formular.html;jsessionid=DBA57C7A162E3F10F1F906B5DDF1DBBB.internet951?nn=19660250&cl2Categories_Format=Massnahme&cl2Categories_Thema=Bilanzkontrolle&language_=en
LinkedIn,https://www.linkedin.com/company/bafin/
Mastodon,https://social.bund.de/@BaFin
Instagram,https://www.instagram.com/accounts/login/?next=https%3A%2F%2Fwww.instagram.com%2Fbafin_bund%2F
E-Mail,mailto:?subject=$SUBJECT$&body=$URL$
Datenschutz,https://www.bafin.de/datenschutz
,SiteGlobals/Forms/Suche/Expertensuche_Formular.html?nn=19660250&queryResultId=null&pageNo=0&cl2Categories_Format=Massnahme&cl2Categories_Thema=Bilanzkontrolle#Start
MVP-Por­tal,DE/DieBaFin/Service/MVPportal/MVPportal_node.html;jsessionid=DBA57C7A162E3F10F1F906B5DDF1DBBB.internet951
Un­ter­neh­mens­da­ten­bank,DE/PublikationenDaten/Datenbanken/Unternehmenssuche/unternehmenssuche_node.html;jsessionid=DBA57C7A162E3F10F1F906B5DDF1DBBB.internet951
Newslet­ter,DE/DieBaFin/Service/Newsletter/newsletter_node.html;jsessionid=DBA57C7A162E3F10F1F906B5DDF1DBBB.internet951
RSS,DE/Service/TopNavigation/RSS/rss_node.html;jsessionid=DBA57C7A162E3F10F1F906B5DDF1DBBB.internet951
Nut­zungs­be­din­gun­gen,DE/Service/Footer/Rechtliches/Nutzungsbedingungen/nutzungsbedingungen_node.html;jsessionid=DBA57C7A162E3F10F1F906B5DDF1DBBB.internet951
In­halts­ver­zeich­nis,DE/Service/Footer/Service/Inhaltsverzeichnis/inhaltsverzeichnis_node.html;jsessionid=DBA57C7A162E3F10F1F906B5DDF1DBBB.internet951
Im­pres­s­um,DE/Service/Footer/Rechtliches/Impressum/impressum_node.html;jsessionid=DBA57C7A162E3F10F1F906B5DDF1DBBB.internet951
Bar­rie­re­frei­heit,DE/Service/Footer/Rechtliches/Barrierefreiheit/barrierefreiheit_node.html;jsessionid=DBA57C7A162E3F10F1F906B5DDF1DBBB.internet951
,https://www.erfolgsfaktor-familie.de/
,https://www.charta-der-vielfalt.de/
